supplier_id,supplier_name,country,contact_email
101,Agro Foods A,India,agroa@supply.com
102,Daily Dairy B,India,dairyb@supply.com
103,Global Care C,USA,carec@supply.com
104,Fresh Farms D,India,farmsd@supply.com
105,Organic Hub E,UK,organice@supply.com
106,Mega Supplies F,India,megaf@supply.com
107,GreenLeaf G,Canada,greeng@supply.com
108,NutriFoods H,India,nutrih@supply.com
109,SuperFresh I,Germany,freshi@supply.com
110,HealthPlus J,India,plusj@supply.com
111,EcoFarm K,USA,farmk@supply.com
112,Smart Agro L,India,agrol@supply.com
113,PureDairy M,India,dairym@supply.com
114,GoodCare N,UK,caren@supply.com
115,HappyFoods O,India,foodso@supply.com
116,FarmFresh P,India,farmp@supply.com
117,Quality Agro Q,USA,agroq@supply.com
118,SuperFoods R,India,foodsr@supply.com
119,HealthyLife S,Germany,lifes@supply.com
120,OrganicWorld T,India,worldt@supply.com
121,FreshAgro U,Canada,agrou@supply.com
122,DairyPure V,India,dairyv@supply.com
123,NutriCare W,USA,carew@supply.com
124,GoodFarm X,India,farmx@supply.com
125,SmartFoods Y,India,foodsy@supply.com
126,AgroMart Z,UK,martz@supply.com
127,FreshBasket A1,India,basketa1@supply.com
128,DairyKing B1,India,kingb1@supply.com
129,OrganicPlus C1,USA,plusc1@supply.com
130,HealthyFarm D1,India,farmd1@supply.com
131,SuperAgro E1,Germany,agroe1@supply.com
132,PureFoods F1,India,foodsf1@supply.com
133,GreenFarm G1,Canada,farmg1@supply.com
134,GoodLife H1,India,lifeh1@supply.com
135,FreshValley I1,UK,valleyi1@supply.com
136,DairyDelight J1,India,delightj1@supply.com
137,HealthyChoice K1,USA,choicek1@supply.com
138,SmartFarm L1,India,farml1@supply.com
139,NutriFresh M1,Germany,freshm1@supply.com
140,OrganicRoots N1,India,rootsn1@supply.com
141,SuperCare O1,UK,careo1@supply.com
142,FarmHub P1,India,hubp1@supply.com
143,HealthyAgro Q1,USA,agroq1@supply.com
144,GreenWorld R1,India,worldr1@supply.com
145,DairyFarm S1,Canada,farms1@supply.com
146,AgroFresh T1,India,fresht1@supply.com
147,GoodFoods U1,UK,foodsu1@supply.com
148,HappyFarm V1,India,farmv1@supply.com
149,OrganicHeaven W1,India,heavenw1@supply.com
150,FreshChoice X1,USA,choicex1@supply.com
